Ticker,Nome da Empresa,Descrição resumida
AALR3,Alliança Saúde e Participações S.A.,Serviços de medicina diagnóstica (exames de imagem e análises clínicas) no Brasil.
ABCB4,Banco ABC Brasil S.A.,Banco comercial que oferece produtos e serviços financeiros a grandes empresas no Brasil e no exterior.
ABEV3,Ambev S.A.,"Produz, distribui e vende cervejas, chope, refrigerantes, outras bebidas não alcoólicas, malte e alimentos nas Américas."
AERI3,Aeris Indústria e Comércio de Equipamentos para Geração de Energia S.A.,Fabricante de pás eólicas e componentes para geração de energia eólica no Brasil.
AFLT3,Afluente Transmissão de Energia Elétrica S.A.,Opera linhas de transmissão e subestações de energia elétrica na Bahia.
AGRO3,BrasilAgro - Companhia Brasileira de Propriedades Agrícolas,"Adquire, desenvolve, explora e vende propriedades rurais aptas à atividade agrícola no Brasil."
AGXY3,AgroGalaxy Participações S.A.,"Distribuidora de insumos agrícolas (defensivos, sementes e fertilizantes) com serviços de crédito e originação de grãos para produtores rurais."
AHEB3,São Paulo Turismo S.A.,"Empresa de turismo e eventos que organiza eventos, presta serviços turísticos e administra um autódromo."
ALLD3,Allied Tecnologia S.A.,"Empresa de tecnologia do mercado de eletrônicos de consumo, com varejo de produtos digitais em lojas e online."
ALOS3,Allos S.A.,"Proprietária e administradora de shopping centers no Brasil, formada pela fusão de Aliansce Sonae e brMalls."
ALPA3,Alpargatas S.A.,"Fabrica e vende calçados, vestuário e acessórios (marca Havaianas)."
ALPA4,Alpargatas S.A.,"Fabrica e vende calçados, vestuário e acessórios (marca Havaianas)."
ALPK3,"Allpark Empreendimentos, Participações e Serviços S.A.",Gestão e operação de estacionamentos de veículos na América Latina.
ALUP11,Alupar Investimento S.A.,"Geração, transmissão, distribuição e comercialização de energia elétrica no Brasil, Colômbia e Peru."
ALUP3,Alupar Investimento S.A.,"Geração, transmissão, distribuição e comercialização de energia elétrica no Brasil, Colômbia e Peru."
ALUP4,Alupar Investimento S.A.,"Geração, transmissão, distribuição e comercialização de energia elétrica no Brasil, Colômbia e Peru."
AMAR3,Marisa Lojas S.A.,"Varejo e atacado de bens de consumo, com foco em moda (Lojas Marisa)."
AMBP3,Ambipar Participações e Empreendimentos S.A.,"Holding com participações em empresas de serviços ambientais, resposta a emergências, mão de obra especializada e logística."
AMER3,Americanas S.A.,Varejista omnicanal controladora das Lojas Americanas e do Submarino.
AMOB3,Automob Participações,Companhia aberta listada na B3 (Automob Participações); a base consultada não traz descrição detalhada da atividade.
ANIM3,Anima Holding S.A.,Organização privada de ensino superior no Brasil.
ARML3,"Armac Locação, Logística e Serviços S.A.","Locação de máquinas e equipamentos para construção, mineração, indústria e infraestrutura (Armac)."
ARND3,Arandu Investimentos S.A.,Companhia aberta listada na B3 (Arandu Investimentos); a base consultada não traz descrição detalhada da atividade.
ASAI3,Sendas Distribuidora S.A.,Varejo e atacado de alimentos e outros produtos (rede Assaí Atacadista).
ATED3,Atom Educação e Editora S.A.,"Holding de educação básica privada, com participação em escolas e instituições de ensino em diferentes estados."
AUAU3,União Pet Participações S.A.,Holding do setor pet (União Pet Participações).
AURA33,Aura Minerals Inc.,Mineradora de ouro e cobre com projetos e operações nas Américas.
AURE3,Auren Energia S.A.,"Geração e comercialização de energia elétrica a partir de fontes hidrelétrica, eólica e solar (Auren)."
AVLL3,Alphaville S.A.,"Holding com participações em empresas, negócios e fundos de investimento; atua com loteamentos (Alphaville)."
AXIA3,Axia Energia (ex-Eletrobras),"Maior empresa de geração e transmissão de energia elétrica do Brasil (ex-Eletrobras), com usinas hidrelétricas, térmicas, eólicas e solares."
AZEV3,Azevedo e Travassos S.A.,Empresa de engenharia e construção no Brasil.
AZEV4,Azevedo e Travassos S.A.,Empresa de engenharia e construção no Brasil.
AZTE3,Azevedo & Travassos Energia S.A.,Empresa de engenharia e construção do grupo Azevedo & Travassos.
AZZA3,Azzas 2154 S.A.,"Grupo de moda e varejo formado pela fusão de Arezzo&Co e Grupo Soma (Arezzo, Schutz, Farm, Animale e outras marcas)."
B3SA3,"B3 S.A. - Brasil, Bolsa, Balcão","Bolsa de valores do Brasil: infraestrutura de mercado financeiro com negociação, registro, compensação e depósito de ativos."
BALM3,Baumer S.A.,"Desenvolve soluções e equipamentos para hospitais, odontologia e indústria da saúde."
BALM4,Baumer S.A.,"Desenvolve soluções e equipamentos para hospitais, odontologia e indústria da saúde."
BAUH4,Excelsior Alimentos S.A.,Produz e comercializa produtos cárneos industrializados (processados resfriados e congelados).
BAZA3,Banco da Amazônia S.A.,"Banco que atua na região amazônica, com contas, crédito e financiamentos para o desenvolvimento regional."
BBAS3,Banco do Brasil S.A.,"Banco múltiplo com produtos e serviços bancários para pessoas físicas, empresas e setor público no Brasil e no exterior."
BBDC3,Banco Bradesco S.A.,"Banco múltiplo com produtos e serviços bancários para pessoas físicas, empresas e corporações no Brasil e no exterior."
BBDC4,Banco Bradesco S.A.,"Banco múltiplo com produtos e serviços bancários para pessoas físicas, empresas e corporações no Brasil e no exterior."
BBSE3,BB Seguridade Participações S.A.,"Holding que investe nos negócios de seguros, previdência, capitalização, resseguros e seguro odontológico do Banco do Brasil."
BDLL3,Bardella S.A. Indústrias Mecânicas,"Fabrica equipamentos para os setores de metalurgia, energia, petróleo e gás, movimentação de materiais e siderurgia."
BDLL4,Bardella S.A. Indústrias Mecânicas,"Fabrica equipamentos para os setores de metalurgia, energia, petróleo e gás, movimentação de materiais e siderurgia."
BEEF3,Minerva S.A.,"Produção e venda de carne bovina fresca, gado e subprodutos no Brasil e na América do Sul."
BEES3,Banestes S.A. - Banco do Estado do Espírito Santo,"Banco do estado do Espírito Santo, com produtos e serviços financeiros para pessoas físicas e empresas."
BEES4,Banestes S.A. - Banco do Estado do Espírito Santo,"Banco do estado do Espírito Santo, com produtos e serviços financeiros para pessoas físicas e empresas."
BGIP3,Banco do Estado de Sergipe S.A. - Banese,"Banco do estado de Sergipe, com produtos e serviços bancários para pessoas físicas e empresas."
BGIP4,Banco do Estado de Sergipe S.A. - Banese,"Banco do estado de Sergipe, com produtos e serviços bancários para pessoas físicas e empresas."
BHIA3,Grupo Casas Bahia S.A.,"Varejista de eletrodomésticos, eletrônicos e móveis (Casas Bahia e Ponto), com lojas físicas e e-commerce."
BIED3,Bioma Educação S.A.,"Holding de educação básica privada (antiga Bahema), que reúne escolas com propostas pedagógicas distintas."
BIOM3,Biomm S.A.,Empresa de biotecnologia que desenvolve e produz biofármacos no Brasil.
BLAU3,Blau Farmacêutica S.A.,Farmacêutica que produz e vende medicamentos biológicos e hemoderivados no Brasil e na América Latina.
BMEB3,Banco Mercantil do Brasil S.A.,Banco que oferece serviços financeiros a pessoas físicas e empresas no Brasil.
BMEB4,Banco Mercantil do Brasil S.A.,Banco que oferece serviços financeiros a pessoas físicas e empresas no Brasil.
BMGB4,Banco BMG S.A.,"Banco que oferece crédito, financiamento e produtos de investimento, com foco em crédito consignado."
BMIN4,Banco Mercantil de Investimentos S.A.,Banco que oferece serviços de financiamento no Brasil.
BMKS3,Bicicletas Monark S.A.,"Fabrica e vende bicicletas (alumínio, BMX, esportivas e de transporte) no Brasil."
BMOB3,Bemobi Mobile Tech S.A.,"Empresa de tecnologia móvel que desenvolve aplicativos e jogos baseados em conteúdo, além de serviços de cobrança por celular."
BNBR3,Banco do Nordeste do Brasil S.A.,Banco regional de desenvolvimento que atua no Nordeste do Brasil.
BOBR4,Bombril S.A.,Fabrica e vende produtos de limpeza e uso doméstico (marca Bombril).
BPAC11,Banco BTG Pactual S.A.,Banco de investimento com produtos e serviços financeiros no Brasil e no exterior.
BPAC3,Banco BTG Pactual S.A.,Banco de investimento com produtos e serviços financeiros no Brasil e no exterior.
BPAC5,Banco BTG Pactual S.A.,Banco de investimento com produtos e serviços financeiros no Brasil e no exterior.
BRAP3,Bradespar S.A.,"Holding que, por sua participação na Vale, atua em mineração (minério de ferro, pelotas e níquel)."
BRAP4,Bradespar S.A.,"Holding que, por sua participação na Vale, atua em mineração (minério de ferro, pelotas e níquel)."
BRAV3,Brava Energia Participações S.A.,"Empresa independente de petróleo e gás natural, com exploração e produção no Brasil (fusão de Enauta e 3R Petroleum)."
BRBI11,BR Advisory Partners Participações S.A.,"Banco de investimento: M&A, mercado de capitais, tesouraria e gestão de patrimônio (BR Partners)."
BRKM3,Braskem S.A.,"Petroquímica que produz e vende resinas termoplásticas (polietileno, polipropileno e PVC)."
BRKM5,Braskem S.A.,"Petroquímica que produz e vende resinas termoplásticas (polietileno, polipropileno e PVC)."
BRKM6,Braskem S.A.,"Petroquímica que produz e vende resinas termoplásticas (polietileno, polipropileno e PVC)."
BRSR3,Banco do Estado do Rio Grande do Sul S.A. (Banrisul),"Banco múltiplo com produtos e serviços bancários, sobretudo no Rio Grande do Sul."
BRSR5,Banco do Estado do Rio Grande do Sul S.A. (Banrisul),"Banco múltiplo com produtos e serviços bancários, sobretudo no Rio Grande do Sul."
BRSR6,Banco do Estado do Rio Grande do Sul S.A. (Banrisul),"Banco múltiplo com produtos e serviços bancários, sobretudo no Rio Grande do Sul."
BRST3,Brisanet Participações S.A.,Provedora regional de internet banda larga por fibra óptica e serviços de telecomunicações (Brisanet).
BSLI3,BRB - Banco de Brasília S.A.,"Banco de Brasília: produtos e serviços bancários, principalmente no Distrito Federal."
BSLI4,BRB - Banco de Brasília S.A.,"Banco de Brasília: produtos e serviços bancários, principalmente no Distrito Federal."
CALI3,Construtora Adolpho Lindenberg S.A.,"Construtora e incorporadora imobiliária (Adolpho Lindenberg), com empreendimentos de alto padrão em São Paulo."
CAMB3,Cambuci S.A.,"Pesquisa, desenvolve, fabrica e vende artigos esportivos (marca Penalty)."
CAML3,Camil Alimentos S.A.,"Processa, embala, distribui e vende arroz, feijão, açúcar e pescados enlatados."
CASH3,Méliuz S.A.,Opera programa de cashback e plataformas digitais de benefícios e serviços financeiros no Brasil.
CBAV3,Companhia Brasileira de Alumínio,"Produtora integrada de alumínio, da bauxita aos produtos transformados, do grupo Votorantim (CBA)."
CBEE3,Ampla Energia e Serviços S.A.,Distribuição de energia elétrica no estado do Rio de Janeiro.
CEAB3,C&A Modas S.A.,Rede varejista de moda (C&A) no Brasil.
CEBR3,Companhia Energética de Brasília (CEB),Geração e distribuição de energia elétrica no Distrito Federal e região.
CEBR5,Companhia Energética de Brasília (CEB),Geração e distribuição de energia elétrica no Distrito Federal e região.
CEBR6,Companhia Energética de Brasília (CEB),Geração e distribuição de energia elétrica no Distrito Federal e região.
CEDO3,Companhia de Fiação e Tecidos Cedro e Cachoeira,"Indústria têxtil que produz principalmente denim, sarjas e tecidos."
CEDO4,Companhia de Fiação e Tecidos Cedro e Cachoeira,"Indústria têxtil que produz principalmente denim, sarjas e tecidos."
CEEB3,Companhia de Eletricidade do Estado da Bahia (Coelba),Distribuição de energia elétrica no estado da Bahia (Neoenergia Coelba).
CEEB5,Companhia de Eletricidade do Estado da Bahia (Coelba),Distribuição de energia elétrica no estado da Bahia (Neoenergia Coelba).
CEED3,Companhia Estadual de Distribuição de Energia Elétrica (CEEE-D),Distribuição de energia elétrica no Rio Grande do Sul.
CEGR3,Companhia Distribuidora de Gás do Rio de Janeiro (CEG),Distribuição de gás natural e derivados no estado do Rio de Janeiro.
CGAS3,Companhia de Gás de São Paulo (Comgás),Distribuição de gás natural canalizado no estado de São Paulo (Comgás).
CGAS5,Companhia de Gás de São Paulo (Comgás),Distribuição de gás natural canalizado no estado de São Paulo (Comgás).
CGRA3,Grazziotin S.A.,"Varejo de moda, calçados e utilidades (Lojas Grazziotin)."
CGRA4,Grazziotin S.A.,"Varejo de moda, calçados e utilidades (Lojas Grazziotin)."
CLSC3,Centrais Elétricas de Santa Catarina S.A.,"Geração, transmissão e distribuição de energia elétrica em Santa Catarina."
CLSC4,Centrais Elétricas de Santa Catarina S.A.,"Geração, transmissão e distribuição de energia elétrica em Santa Catarina."
CMIG3,Companhia Energética de Minas Gerais (Cemig),"Geração, transmissão, distribuição e comercialização de energia elétrica em Minas Gerais e outros estados."
CMIG4,Companhia Energética de Minas Gerais (Cemig),"Geração, transmissão, distribuição e comercialização de energia elétrica em Minas Gerais e outros estados."
CMIN3,CSN Mineração S.A.,Mineração de minério de ferro (minas Casa de Pedra e Namisa) e exportação via porto próprio.
COCE3,Companhia Energética do Ceará (Coelce),Distribuição de energia elétrica em 184 municípios do estado do Ceará.
COCE5,Companhia Energética do Ceará (Coelce),Distribuição de energia elétrica em 184 municípios do estado do Ceará.
COGN3,Cogna Educação,Organização privada de ensino com atuação no Brasil e no exterior.
CPFE3,CPFL Energia S.A.,"Geração, transmissão, distribuição e comercialização de energia elétrica para clientes residenciais, industriais e comerciais."
CPLE3,Companhia Paranaense de Energia (Copel),"Geração, transmissão, distribuição e venda de energia elétrica, principalmente no Paraná."
CRPG3,Tronox Pigmentos do Brasil S.A.,Produz e vende pigmentos de dióxido de titânio (TiO2) no Brasil e no exterior.
CRPG5,Tronox Pigmentos do Brasil S.A.,Produz e vende pigmentos de dióxido de titânio (TiO2) no Brasil e no exterior.
CRPG6,Tronox Pigmentos do Brasil S.A.,Produz e vende pigmentos de dióxido de titânio (TiO2) no Brasil e no exterior.
CSAN3,Cosan S.A.,"Holding de energia e infraestrutura, com atuação em distribuição de combustíveis, gás, logística e agricultura."
CSED3,Cruzeiro do Sul Educacional S.A.,Grupo educacional que opera universidades e outras instituições de ensino.
CSMG3,Companhia de Saneamento de Minas Gerais (Copasa MG),"Planeja, executa e opera serviços de abastecimento de água e tratamento de esgoto em Minas Gerais."
CSNA3,Companhia Siderúrgica Nacional,"Siderúrgica integrada com atuação em aço, mineração, logística, energia e cimento."
CSUD3,CSU Digital S.A.,"Tecnologia para serviços financeiros: pagamentos, embedded finance, experiência do cliente e fidelidade (CSU Digital)."
CTAX3,Contax Participações S.A.,"Holding de participações; foi a controladora da Contax, empresa de contact center."
CTKA3,Karsten S.A.,"Fabrica e vende cama, mesa e banho e produtos de decoração (marca Karsten)."
CTKA4,Karsten S.A.,"Fabrica e vende cama, mesa e banho e produtos de decoração (marca Karsten)."
CTSA3,Companhia Tecidos Santanense,Indústria têxtil com roupas esportivas e uniformes profissionais.
CTSA4,Companhia Tecidos Santanense,Indústria têxtil com roupas esportivas e uniformes profissionais.
CURY3,Cury Construtora e Incorporadora S.A.,Incorporadora e construtora de empreendimentos residenciais e comerciais em São Paulo e no Rio de Janeiro.
CVCB3,CVC Brasil Operadora e Agência de Viagens S.A.,Operadora e agência de viagens que presta serviços de turismo no Brasil e no exterior.
CXSE3,Caixa Seguridade Participações S.A.,"Seguradora que oferece seguros de vida e não vida, previdência e capitalização ligados à Caixa."
CYRE3,Cyrela Brazil Realty S.A. Empreendimentos e Participações,"Desenvolve, constrói e vende imóveis residenciais e comerciais no Brasil."
CYRE4,Cyrela Brazil Realty S.A. Empreendimentos e Participações,"Desenvolve, constrói e vende imóveis residenciais e comerciais no Brasil."
DASA3,Diagnósticos da América S.A. (Dasa),"Medicina diagnóstica: exames laboratoriais e de imagem, além de serviços de saúde, na América Latina."
DESK3,Desktop - Sigmanet Comunicação Multimídia S.A.,Provedora de internet banda larga por fibra óptica no interior de São Paulo e outros estados (Desktop).
DEXP3,Dexxos Participações S.A.,Companhia aberta listada na B3 (Dexxos Participações); a base consultada não traz descrição detalhada da atividade.
DEXP4,Dexxos Participações S.A.,Companhia aberta listada na B3 (Dexxos Participações); a base consultada não traz descrição detalhada da atividade.
DIRR3,Direcional Engenharia S.A.,"Incorporadora e construtora de empreendimentos imobiliários, com foco em habitação popular."
DMVF3,D1000 Varejo Farma Participações S.A.,Rede de farmácias de varejo no Brasil (D1000).
DOHL4,Döhler S.A.,"Fabrica e vende produtos têxteis (cama, mesa e banho) no Brasil."
DOTZ3,Dotz S.A.,Plataforma de fidelidade e cashback (Dotz) com moeda digital de benefícios.
DTCY3,DTCOM - Direct to Company S.A.,"Soluções integradas nas áreas de educação, comunicação e tecnologia."
DXCO3,Dexco S.A. (ex-Duratex),"Fabrica painéis de madeira, louças e metais sanitários, revestimentos e chuveiros (Dexco, ex-Duratex)."
EALT3,Electro Aço Altona S.A.,Fundição e usinagem de peças em aço carbono e ligas para diversos setores.
EALT4,Electro Aço Altona S.A.,Fundição e usinagem de peças em aço carbono e ligas para diversos setores.
ECOR3,Ecorodovias Infraestrutura e Logística S.A.,"Opera concessões de rodovias, portos e ativos de logística no Brasil."
EGIE3,Engie Brasil Energia S.A.,"Geração, comercialização e negociação de energia elétrica no Brasil (usinas hidrelétricas, solares, eólicas e térmicas)."
EKTR3,Elektro Redes S.A.,Distribuição de energia elétrica para residências e empresas em São Paulo e Mato Grosso do Sul.
EKTR4,Elektro Redes S.A.,Distribuição de energia elétrica para residências e empresas em São Paulo e Mato Grosso do Sul.
EMAE4,Emae - Empresa Metropolitana de Águas e Energia S.A.,Opera sistema hidráulico e gera energia elétrica na Região Metropolitana de São Paulo.
EMBJ3,Embraer S.A.,"Fabricante aeroespacial: aviões comerciais e executivos, defesa e segurança e serviços (Embraer)."
ENEV3,Eneva S.A.,"Geradora integrada de energia no Brasil, com usinas a gás natural, carvão e solar, além de exploração de gás."
ENGI11,Energisa S.A.,"Holding de distribuição de energia elétrica, com concessionárias em vários estados do Brasil."
ENGI3,Energisa S.A.,"Holding de distribuição de energia elétrica, com concessionárias em vários estados do Brasil."
ENGI4,Energisa S.A.,"Holding de distribuição de energia elétrica, com concessionárias em vários estados do Brasil."
ENJU3,Enjoei.com.br Atividades de Internet S.A.,Opera marketplace online para compra e venda de produtos de moda e usados (enjoei).
ENMT3,Energisa Mato Grosso - Distribuidora de Energia S.A.,Distribuição de energia elétrica em 141 municípios do estado de Mato Grosso.
ENMT4,Energisa Mato Grosso - Distribuidora de Energia S.A.,Distribuição de energia elétrica em 141 municípios do estado de Mato Grosso.
EPAR3,Embpar Participações S.A.,Holding listada; o histórico do grupo inclui a revenda de veículos pesados da marca Scania.
EQMA3B,Equatorial Maranhão Distribuidora de Energia S.A.,Distribuição de energia elétrica no estado do Maranhão.
EQPA3,Equatorial Pará Distribuidora de Energia S.A.,"Distribuição de energia elétrica a clientes residenciais, industriais, comerciais e rurais no estado do Pará."
EQPA5,Equatorial Pará Distribuidora de Energia S.A.,"Distribuição de energia elétrica a clientes residenciais, industriais, comerciais e rurais no estado do Pará."
EQPA7,Equatorial Pará Distribuidora de Energia S.A.,"Distribuição de energia elétrica a clientes residenciais, industriais, comerciais e rurais no estado do Pará."
EQTL3,Equatorial Energia S.A.,"Holding de energia que gera, transmite e distribui eletricidade no Brasil, além de atuar em saneamento."
ESPA3,MPM Corpóreos S.A. (Espaçolaser),Rede de depilação a laser no Brasil (Espaçolaser).
ESTR3,Manufatura de Brinquedos Estrela S.A.,"Fabrica e vende brinquedos (marca Estrela) no Brasil e no exterior, em lojas físicas e online."
ESTR4,Manufatura de Brinquedos Estrela S.A.,"Fabrica e vende brinquedos (marca Estrela) no Brasil e no exterior, em lojas físicas e online."
ETER3,Eternit S.A.,"Produz e vende telhas de fibrocimento e concreto, caixas d'água, metais sanitários e outros materiais de construção."
EUCA3,Eucatex S.A. Indústria e Comércio,"Fabrica e comercializa painéis de madeira, tintas, forros e materiais isolantes."
EUCA4,Eucatex S.A. Indústria e Comércio,"Fabrica e comercializa painéis de madeira, tintas, forros e materiais isolantes."
EVEN3,Even Construtora e Incorporadora S.A.,Incorporadora e construtora de empreendimentos imobiliários no Brasil.
EZTC3,EZTEC Empreendimentos e Participações S.A.,Incorporação e construção de empreendimentos imobiliários no Brasil.
FESA3,Companhia de Ferro Ligas da Bahia - Ferbasa,"Fabrica e vende ferroligas, ferrocromo e ferrossilício; atua também em mineração e silvicultura."
FESA4,Companhia de Ferro Ligas da Bahia - Ferbasa,"Fabrica e vende ferroligas, ferrocromo e ferrossilício; atua também em mineração e silvicultura."
FHER3,Fertilizantes Heringer S.A.,"Produz e vende fertilizantes (básicos, NPK e especiais) no Brasil."
FICT3,Fictor Alimentos S.A.,Holding listada com foco no setor de alimentos (Fictor Alimentos).
FIEI3,Fica Empreendimentos Imobiliários S.A.,Empresa de empreendimentos imobiliários (Fica Empreendimentos Imobiliários).
FIQE3,Unifique Telecomunicações S.A.,"Provedora de internet por fibra óptica, telefonia e TV, com sede em Santa Catarina (Unifique)."
FLRY3,Fleury S.A.,"Medicina diagnóstica: análises clínicas, imagem, tratamento e gestão de saúde no Brasil."
FRAS3,Frasle Mobility S.A.,"Desenvolve, produz e vende materiais de fricção para sistemas de freio e outros componentes automotivos."
FRIO3,Metalfrio Solutions S.A.,"Fabrica, importa, exporta e vende refrigeradores e freezers domésticos e comerciais."
GEPA3,Rio Paranapanema Energia S.A.,Geração e venda de energia elétrica no Brasil (usinas hidrelétricas no Rio Paranapanema).
GEPA4,Rio Paranapanema Energia S.A.,Geração e venda de energia elétrica no Brasil (usinas hidrelétricas no Rio Paranapanema).
GFSA3,Gafisa S.A.,Incorporadora e construtora residencial sob a marca Gafisa no Brasil.
GGBR3,Gerdau S.A.,"Siderúrgica com operações no Brasil, América do Norte, América do Sul e aços especiais."
GGBR4,Gerdau S.A.,"Siderúrgica com operações no Brasil, América do Norte, América do Sul e aços especiais."
GGPS3,GPS Participações e Empreendimentos S.A.,"Serviços de segurança, facilities, logística, engenharia de utilidades, serviços industriais, alimentação e infraestrutura."
GMAT3,Grupo Mateus S.A.,"Rede de supermercados e atacarejo no Norte e Nordeste do Brasil, com eletrodomésticos, medicamentos e serviços."
GOAU3,Metalúrgica Gerdau S.A.,"Holding controladora da Gerdau, com atuação em siderurgia no Brasil e no exterior."
GOAU4,Metalúrgica Gerdau S.A.,"Holding controladora da Gerdau, com atuação em siderurgia no Brasil e no exterior."
GPAR3,Companhia Celg de Participações (Celgpar),Holding que atua em geração e transmissão de energia elétrica (ex-Celg).
GRND3,Grendene S.A.,"Desenvolve, fabrica, distribui e vende calçados femininos, masculinos e infantis (Melissa, Ipanema, Rider)."
GSHP3,General Shopping e Outlets do Brasil S.A.,Proprietária e administradora de shopping centers e outlets no Brasil.
HAGA3,HAGA S.A. Indústria e Comércio,"Fabrica e vende fechaduras, dobradiças e ferragens para a construção civil."
HAGA4,HAGA S.A. Indústria e Comércio,"Fabrica e vende fechaduras, dobradiças e ferragens para a construção civil."
HAPV3,Hapvida Participações e Investimentos S.A.,Operadora de planos de saúde e rede própria de hospitais e clínicas no Brasil.
HBOR3,Helbor Empreendimentos S.A.,Incorporadora e construtora de empreendimentos imobiliários no Brasil.
HBRE3,HBR Realty Empreendimentos Imobiliários S.A.,"Desenvolve, aluga e administra imóveis comerciais no Brasil."
HBSA3,Hidrovias do Brasil S.A.,Soluções logísticas integradas por hidrovias na América Latina.
HBTS5,Companhia Habitasul de Participações,Holding com atuação em incorporação de imóveis no Brasil.
HETA4,Hercules S.A. - Fábrica de Talheres,Fabrica e vende talheres e utensílios domésticos (marcas Hercules e Mundial) no Brasil.
HOOT4,Hotéis Othon S.A.,"Opera hotéis no Brasil (Rio de Janeiro, São Paulo, Belo Horizonte, Salvador, Fortaleza, Natal e Recife)."
HYPE3,Hypera S.A.,"Indústria farmacêutica brasileira com medicamentos de prescrição, isentos de prescrição e cuidados pessoais."
IFCM3,Infracommerce CXaaS S.A.,Soluções digitais integradas para operações de e-commerce de marcas e indústrias.
IGTI11,Iguatemi S.A. (ex-Jereissati Participações),Proprietária e operadora de shopping centers no Brasil (Iguatemi).
IGTI3,Iguatemi S.A. (ex-Jereissati Participações),Proprietária e operadora de shopping centers no Brasil (Iguatemi).
INEP3,Inepar S.A. Indústria e Construções,Indústria e construções (equipamentos e infraestrutura); em processo de recuperação.
INEP4,Inepar S.A. Indústria e Construções,Indústria e construções (equipamentos e infraestrutura); em processo de recuperação.
INTB3,Intelbras S.A. - Indústria de Telecomunicação Eletrônica Brasileira,"Soluções de segurança, redes, comunicação e energia para os mercados corporativo e residencial no Brasil e no exterior."
IRBR3,IRB-Brasil Resseguros S.A.,Resseguradora que oferece produtos e serviços de resseguro no Brasil e no exterior.
ISAE3,ISA Energia Brasil S.A.,Transmissão de energia elétrica no Brasil; controlada pela colombiana ISA (antiga CTEEP).
ISAE4,ISA Energia Brasil S.A.,Transmissão de energia elétrica no Brasil; controlada pela colombiana ISA (antiga CTEEP).
ITSA3,Itaúsa S.A.,"Holding que atua nos mercados financeiro e industrial no Brasil e no exterior (Itaú Unibanco, Alpargatas, Duratex etc.)."
ITSA4,Itaúsa S.A.,"Holding que atua nos mercados financeiro e industrial no Brasil e no exterior (Itaú Unibanco, Alpargatas, Duratex etc.)."
ITUB3,Itaú Unibanco Holding S.A.,Banco múltiplo com ampla gama de produtos e serviços financeiros no Brasil e no exterior.
ITUB4,Itaú Unibanco Holding S.A.,Banco múltiplo com ampla gama de produtos e serviços financeiros no Brasil e no exterior.
JALL3,Jalles Machado S.A.,"Produz, comercializa e exporta açúcar, etanol e outros subprodutos da cana-de-açúcar."
JFEN3,João Fortes Engenharia S.A.,"Desenvolve, constrói e vende imóveis no Brasil."
JHSF3,JHSF Participações S.A.,"Desenvolvimento e administração de shopping centers, hotéis, aeroportos e empreendimentos imobiliários de alto padrão."
JOPA3,Josapar - Joaquim Oliveira S.A. Participações,"Empresa de alimentos (arroz, feijão e outros produtos) no Brasil."
JSLG3,JSL S.A.,Serviços de logística e transporte no Brasil.
KEPL3,Kepler Weber S.A.,"Fabrica e vende equipamentos para armazenagem, limpeza e movimentação de grãos no Brasil e no exterior."
KLBN11,Klabin S.A.,"Produtora de papéis para embalagem, papelão ondulado e celulose no Brasil e no exterior."
KLBN3,Klabin S.A.,"Produtora de papéis para embalagem, papelão ondulado e celulose no Brasil e no exterior."
KLBN4,Klabin S.A.,"Produtora de papéis para embalagem, papelão ondulado e celulose no Brasil e no exterior."
LAND3,Terra Santa Propriedades Agrícolas S.A.,"Aquisição, desenvolvimento e operação de propriedades agrícolas no Brasil (Terra Santa)."
LAVV3,Lavvi Empreendimentos Imobiliários S.A.,Incorporadora e construtora de imóveis residenciais e comerciais no Brasil.
LEVE3,Mahle Metal Leve S.A.,"Fabrica e vende sistemas e componentes de motores, filtração e gerenciamento térmico no mundo."
LIGT3,Light S.A.,"Geração, transmissão, distribuição e venda de energia elétrica (Rio de Janeiro)."
LJQQ3,Lojas Quero-Quero S.A.,"Varejista de materiais de construção, eletrodomésticos e móveis (Lojas Quero-Quero), com foco no Sul do Brasil."
LOGG3,LOG Commercial Properties e Participações S.A.,"Desenvolve, constrói e aluga galpões logísticos e imóveis comerciais no Brasil."
LOGN3,Log-in Logística Intermodal S.A.,"Planeja, gerencia e opera soluções de logística intermodal (cabotagem) no Brasil e no Mercosul."
LPSB3,LPS Brasil - Consultoria de Imóveis S.A.,Serviços de consultoria e intermediação imobiliária no Brasil.
LREN3,Lojas Renner S.A.,"Empresa de moda e estilo de vida (Lojas Renner) no Brasil, Uruguai e Argentina."
LUPA3,Lupatech S.A.,Produtos e serviços para o setor de petróleo e gás no Brasil e no exterior.
LUXM4,Trevisa Investimentos S.A.,Logística de transporte aquaviário para portos e terminais no Brasil.
LWSA3,Locaweb Serviços de Internet S.A.,"Hospedagem, nuvem, software como serviço e plataformas de comércio eletrônico no Brasil (Locaweb)."
MAPT3,Cemepe Investimentos S.A.,Holding com investimentos em diversos setores.
MAPT4,Cemepe Investimentos S.A.,"Holding que administra recursos próprios e de terceiros e presta assessoria técnica, financeira e administrativa."
MATD3,Hospital Mater Dei S.A.,"Rede de hospitais (Mater Dei) com serviços hospitalares, ambulatoriais, de diagnóstico e oncologia."
MBRF3,MBRF Global Foods Company S.A.,"Grupo global de alimentos formado por Marfrig e BRF: carne bovina, aves, suínos e processados (Sadia, Perdigão, Marfrig)."
MDIA3,M. Dias Branco S.A. Indústria e Comércio de Alimentos,"Fabrica e vende biscoitos, massas e outros alimentos (M. Dias Branco, Adria, Piraquê) no Brasil."
MDNE3,Moura Dubeux Engenharia S.A.,Incorporadora imobiliária com atuação no Nordeste do Brasil.
MEAL3,International Meal Company Alimentação S.A.,"Venda de alimentos e bebidas em restaurantes, lanchonetes e cafeterias no Brasil e no exterior (Burger King, Pizza Hut)."
MELK3,Melnick Even Desenvolvimento Imobiliário S.A.,Incorporadora e construtora de empreendimentos imobiliários no Rio Grande do Sul.
MGEL4,Mangels Industrial S.A.,Produz e vende rodas de alumínio para a indústria automotiva no Brasil e no exterior.
MGLU3,Magazine Luiza S.A.,"Varejo de bens de consumo (Magazine Luiza), com lojas, e-commerce, serviços financeiros e seguros."
MILS3,Mills Estruturas e Serviços de Engenharia S.A.,"Estruturas e serviços de engenharia para os setores de infraestrutura, construção e indústria."
MLAS3,Multilaser Industrial S.A.,"Eletrônicos, informática, telefonia e eletroportáteis (Multilaser)."
MNDL3,Mundial S.A. - Produtos de Consumo,"Produtos de moda, beleza e bem-estar no Brasil e no exterior."
MNPR3,Minupar Participações S.A.,"Holding com atuação em criação, abate, comercialização, importação e exportação de aves."
MOTV3,Motiva Infraestrutura de Mobilidade S.A.,"Concessionária de infraestrutura de mobilidade: rodovias, aeroportos e mobilidade urbana (ex-CCR)."
MOVI3,Movida Participações S.A.,Aluguel de carros e gestão e terceirização de frotas de veículos leves no Brasil.
MRSA3B,MRS Logística S.A.,Concessionária ferroviária que transporta minério de ferro e cargas gerais na região Sudeste (MRS).
MRSA5B,MRS Logística S.A.,Concessionária ferroviária que transporta minério de ferro e cargas gerais na região Sudeste (MRS).
MRSA6B,MRS Logística S.A.,Concessionária ferroviária que transporta minério de ferro e cargas gerais na região Sudeste (MRS).
MRVE3,MRV Engenharia e Participações S.A.,"Incorporadora e construtora residencial, com foco em habitação popular no Brasil."
MSPA3,Companhia Melhoramentos de São Paulo,Editora e indústria de papel (Melhoramentos); livros infantojuvenis e escolares.
MSPA4,Companhia Melhoramentos de São Paulo,Editora e indústria de papel (Melhoramentos); livros infantojuvenis e escolares.
MTRE3,Mitre Realty Empreendimentos e Participações S.A.,"Incorporação, construção e venda de imóveis residenciais e comerciais."
MTSA4,Metisa Metalúrgica Timboense S.A.,"Fabrica peças para tratores e implementos agrícolas, ferramentas manuais e outros componentes metálicos."
MULT3,Multiplan - Empreendimentos Imobiliários S.A.,"Planeja, desenvolve, constrói e administra shopping centers e empreendimentos imobiliários."
MWET3,Wetzel S.A.,"Fabrica e vende produtos elétricos, de iluminação e componentes automotivos."
MWET4,Wetzel S.A.,"Fabrica e vende produtos elétricos, de iluminação e componentes automotivos."
MYPK3,Iochpe-Maxion S.A.,Produz rodas automotivas e componentes estruturais para veículos leves e comerciais em vários continentes.
NATU3,Natura Cosméticos S.A.,Cosméticos e produtos de higiene pessoal (Natura e Avon).
NEXP3,Nexpe Participações S.A.,Companhia aberta listada na B3 (Nexpe Participações); a base consultada não traz descrição detalhada da atividade.
NGRD3,Neogrid Participações S.A.,Software e serviços de tecnologia para a cadeia de suprimentos de varejo e indústria (Neogrid).
NORD3,Nordon Indústrias Metalúrgicas S.A.,"Produz bens de capital para os setores químico, petroquímico, criogênico e de alimentos e bebidas."
NUTR3,Nutriplant Indústria e Comércio S.A.,"Desenvolve, produz e vende fertilizantes especiais e micronutrientes para o agronegócio."
OBTC3,OranjeBTC S.A.,"Companhia de tesouraria de bitcoin, que mantém a criptomoeda como principal ativo (OranjeBTC)."
OFSA3,Ouro Fino Saúde Animal Participações S.A.,"Saúde animal: medicamentos e produtos veterinários, principalmente no Brasil (Ouro Fino)."
OIBR3,Oi S.A.,"Telecomunicações integradas, com origem em telefonia fixa; em reestruturação."
OIBR4,Oi S.A.,"Telecomunicações integradas, com origem em telefonia fixa; em reestruturação."
ONCO3,Oncoclínicas do Brasil Serviços Médicos S.A.,Rede de tratamento oncológico com clínicas e hospitais no Brasil (Oncoclínicas).
OPCT3,OceanPact Serviços Marítimos S.A.,"Serviços de estudo, proteção, monitoramento e uso sustentável do mar e de recursos marinhos, incluindo apoio offshore e resposta a emergências."
ORVR3,Orizon Valorização de Resíduos S.A.,"Tratamento e valorização de resíduos sólidos, com aterros sanitários e geração de biogás e biometano."
OSXB3,OSX Brasil S.A.,Ex-empresa de construção naval e offshore para petróleo e gás; em processo de liquidação.
PATI3,Panatlântica S.A.,Produz e vende aços planos no Brasil.
PATI4,Panatlântica S.A.,Produz e vende aços planos no Brasil.
PCAR3,Companhia Brasileira de Distribuição (Grupo Pão de Açúcar),"Varejo de alimentos, eletrodomésticos e outros produtos em hipermercados e supermercados (Grupo Pão de Açúcar)."
PDGR3,PDG Realty S.A. Empreendimentos e Participações,"Desenvolve, constrói e vende unidades residenciais e comerciais e terrenos no Brasil."
PDTC3,Padtec Holding S.A.,Fabricante brasileira de equipamentos de redes ópticas e soluções de telecomunicações.
PEAB3,Companhia de Participações Aliança da Bahia,"Holding com atividades agropecuárias: criação, engorda, compra e venda de gado e atividades agrícolas relacionadas."
PEAB4,Companhia de Participações Aliança da Bahia,"Holding com atividades agropecuárias: criação, engorda, compra e venda de gado e atividades agrícolas relacionadas."
PETR3,Petróleo Brasileiro S.A. - Petrobras,"Petrolífera integrada que produz e vende petróleo, derivados e gás no Brasil e no exterior (Petrobras)."
PETR4,Petróleo Brasileiro S.A. - Petrobras,"Petrolífera integrada que produz e vende petróleo, derivados e gás no Brasil e no exterior (Petrobras)."
PFRM3,Profarma Distribuidora de Produtos Farmacêuticos S.A.,Distribuição e varejo de produtos farmacêuticos e hospitalares no Brasil.
PGMN3,Empreendimentos Pague Menos S.A.,Rede de farmácias no Brasil (Pague Menos).
PINE3,Banco Pine S.A.,Banco comercial que oferece produtos e serviços bancários no Brasil.
PINE4,Banco Pine S.A.,Banco comercial que oferece produtos e serviços bancários no Brasil.
PLAS3,Plascar Participações Industriais S.A.,Fabrica peças de acabamento interno e externo para a indústria automotiva.
PLPL3,Plano & Plano Desenvolvimento Imobiliário S.A.,Desenvolve e constrói empreendimentos residenciais na região metropolitana de São Paulo.
PMAM3,Paranapanema S.A.,"Produz e vende cobre eletrolítico, subprodutos e serviços relacionados."
PNVL3,Dimed S.A. Distribuidora de Medicamentos,"Comércio de medicamentos, perfumaria, higiene pessoal, cosméticos e dermocosméticos (rede Dimed/Panvel)."
POMO3,Marcopolo S.A.,"Fabrica e vende ônibus, carrocerias e componentes no Brasil e no exterior (Marcopolo)."
POMO4,Marcopolo S.A.,"Fabrica e vende ônibus, carrocerias e componentes no Brasil e no exterior (Marcopolo)."
POSI3,Positivo Tecnologia S.A.,"Desenvolve, fabrica e comercializa soluções de tecnologia da informação, como computadores e dispositivos educacionais."
PRIO3,PRIO S.A. (ex-PetroRio),"Exploração, desenvolvimento e produção de petróleo e gás natural no Brasil (ex-PetroRio)."
PRNR3,Priner Serviços Industriais S.A.,"Serviços industriais e de locação para os setores petroquímico, papel e celulose, siderúrgico, offshore, naval, mineração e infraestrutura."
PSSA3,Porto Seguro S.A.,"Seguradora que oferece seguros, serviços financeiros e de saúde a pessoas e empresas no Brasil e no Uruguai."
PTBL3,PBG S.A.,"Fabrica, exporta e vende produtos de cerâmica e porcelana (louças e revestimentos)."
QUAL3,Qualicorp Consultoria e Corretora de Seguros S.A.,Administradora e corretora de benefícios de saúde e serviços de gestão de saúde no Brasil.
RADL3,Raia Drogasil S.A.,"Varejo de medicamentos, perfumaria, higiene pessoal e cosméticos (Raia e Drogasil)."
RAIL3,Rumo S.A.,"Transporte ferroviário de cargas (grãos, açúcar, combustíveis) e logística no Brasil."
RAIZ4,Raízen S.A.,"Produz e distribui etanol, açúcar, bioenergia e combustíveis (Raízen, joint venture entre Shell e Cosan)."
RANI3,Irani Papel e Embalagem S.A.,Fabrica e vende papéis para embalagem e embalagens de papelão ondulado.
RAPT3,Randon S.A. Implementos e Participações,"Soluções de transporte: implementos rodoviários, autopeças e serviços (Randon)."
RAPT4,Randon S.A. Implementos e Participações,"Soluções de transporte: implementos rodoviários, autopeças e serviços (Randon)."
RCSL3,Recrusul S.A.,Fabrica e vende equipamentos de refrigeração para transporte e uso industrial.
RCSL4,Recrusul S.A.,Fabrica e vende equipamentos de refrigeração para transporte e uso industrial.
RDOR3,Rede D'Or São Luiz S.A.,Opera uma rede de hospitais no Brasil (Rede D'Or).
RECV3,PetroReconcavo S.A.,Petrolífera independente focada em campos maduros de petróleo e gás no Brasil (PetroReconcavo).
REDE3,Rede Energia Participações S.A.,"Geração, distribuição e comercialização de energia elétrica no Brasil."
RENT3,Localiza Rent a Car S.A.,"Aluguel de carros, gestão de frotas e franquias (Localiza)."
RIAA3,Lojas Riachuelo S.A.,"Varejo de moda (Lojas Riachuelo), com serviços financeiros e produção têxtil (Guararapes)."
RNEW3,Renova Energia S.A.,"Desenvolve, implanta e opera projetos de geração de energia renovável no Brasil."
RNEW4,Renova Energia S.A.,"Desenvolve, implanta e opera projetos de geração de energia renovável no Brasil."
ROMI3,Indústrias Romi S.A.,"Fabrica máquinas-ferramenta, máquinas para plástico e peças fundidas brutas e usinadas."
RPAD3,Alfa Holdings S.A.,Holding financeira com atuação em private banking no Brasil.
RPAD5,Alfa Holdings S.A.,Holding financeira com atuação em private banking no Brasil.
RPAD6,Alfa Holdings S.A.,Holding financeira com atuação em private banking no Brasil.
RPMG3,Refinaria de Petróleos Manguinhos S.A.,Refina petróleo e produz derivados no Brasil.
RSID3,Rossi Residencial S.A.,"Construção, incorporação e venda de imóveis residenciais e comerciais no Brasil."
RSUL4,Metalúrgica Riosulense S.A.,Fabrica peças e acessórios de alta precisão para veículos automotores.
RVEE3,Revee S.A.,"Holding de participações em ativos de entretenimento e eventos, incluindo arenas e espaços de eventos (Revee)."
SANB11,Banco Santander (Brasil) S.A.,"Banco múltiplo com produtos e serviços bancários para pessoas físicas, pequenas e médias empresas e grandes empresas."
SANB3,Banco Santander (Brasil) S.A.,"Banco múltiplo com produtos e serviços bancários para pessoas físicas, pequenas e médias empresas e grandes empresas."
SANB4,Banco Santander (Brasil) S.A.,"Banco múltiplo com produtos e serviços bancários para pessoas físicas, pequenas e médias empresas e grandes empresas."
SAPR11,Companhia de Saneamento do Paraná (Sanepar),Serviços de saneamento (água e esgoto) no estado do Paraná.
SAPR3,Companhia de Saneamento do Paraná (Sanepar),Serviços de saneamento (água e esgoto) no estado do Paraná.
SAPR4,Companhia de Saneamento do Paraná (Sanepar),Serviços de saneamento (água e esgoto) no estado do Paraná.
SBFG3,Grupo SBF S.A. (Centauro),Varejo e atacado de artigos esportivos na América Latina (marca Centauro).
SBSP3,Companhia de Saneamento Básico do Estado de São Paulo (Sabesp),"Serviços de água e esgoto para clientes residenciais, comerciais, industriais e públicos no estado de São Paulo."
SCAR3,São Carlos Empreendimentos e Participações S.A.,"Investe e administra empreendimentos imobiliários comerciais, sobretudo em São Paulo e Rio de Janeiro."
SEER3,Ser Educacional S.A.,"Ensino superior presencial e a distância, pós-graduação e formação profissional no Brasil."
SEQL3,Sequoia Logística e Transportes S.A.,"Serviços de logística, gestão de armazéns, transporte rodoviário e entregas urbanas."
SHOW3,T4F Entretenimento S.A.,"Produção de shows, eventos, musicais e espetáculos teatrais (T4F, Time For Fun)."
SHUL4,Schulz S.A.,Fabrica compressores de ar e componentes automotivos no Brasil e no exterior.
SIMH3,Simpar S.A.,"Holding de logística e mobilidade com atuação em transporte rodoviário, locação de veículos e concessões."
SLCE3,SLC Agrícola S.A.,"Produz e vende produtos agrícolas (soja, algodão, milho) no Brasil; também gerencia portfólio de terras."
SMFT3,Smartfit Escola de Ginástica e Dança S.A. (Smart Fit),Maior rede de academias da América Latina (Smart Fit).
SMTO3,São Martinho S.A.,"Planta cana-de-açúcar e produz açúcar, etanol e outros subprodutos."
SNSY5,Sansuy S.A. Indústria de Plásticos,Fabrica e vende laminados de PVC no Brasil.
SOJA3,Boa Safra Sementes S.A.,"Produz e vende sementes de soja, milho e feijão no Brasil."
SOND3,Sondotécnica Engenharia de Solos S.A.,"Empresa brasileira de engenharia: projetos, gerenciamento e supervisão de obras de transporte, hidráulica e outros setores."
SOND5,Sondotécnica Engenharia de Solos S.A.,"Empresa brasileira de engenharia: projetos, gerenciamento e supervisão de obras de transporte, hidráulica e outros setores."
SOND6,Sondotécnica Engenharia de Solos S.A.,"Empresa brasileira de engenharia: projetos, gerenciamento e supervisão de obras de transporte, hidráulica e outros setores."
SUZB3,Suzano S.A.,Produz e vende celulose de eucalipto e papéis no Brasil e no exterior.
SYNE3,SYN Prop e Tech S.A.,Propriedades comerciais e tecnologia imobiliária (proptech) (SYN Prop e Tech).
TAEE11,Transmissora Aliança de Energia Elétrica S.A.,"Implanta, opera e mantém ativos de transmissão de energia elétrica no Brasil."
TAEE3,Transmissora Aliança de Energia Elétrica S.A.,"Implanta, opera e mantém ativos de transmissão de energia elétrica no Brasil."
TAEE4,Transmissora Aliança de Energia Elétrica S.A.,"Implanta, opera e mantém ativos de transmissão de energia elétrica no Brasil."
TASA3,Taurus Armas S.A.,Produz e comercializa armas de fogo portáteis e acessórios; também atua em injeção de metais.
TASA4,Taurus Armas S.A.,Produz e comercializa armas de fogo portáteis e acessórios; também atua em injeção de metais.
TCSA3,Tecnisa S.A.,"Desenvolve, constrói e vende imóveis residenciais, comerciais e industriais no Brasil."
TECN3,Technos S.A.,"Desenvolve, monta e distribui relógios (Technos)."
TELB3,Telecomunicações Brasileiras S.A. (Telebras),Telecomunicações: infraestrutura de rede e serviços de conectividade no Brasil (Telebras).
TELB4,Telecomunicações Brasileiras S.A. (Telebras),Telecomunicações: infraestrutura de rede e serviços de conectividade no Brasil (Telebras).
TEND3,Construtora Tenda S.A.,Construtora focada em habitação de baixa renda no Brasil (Tenda).
TFCO4,Track & Field Co S.A.,Desenvolve e vende produtos de estilo de vida ativo e saudável (Track&Field) no Brasil.
TGMA3,Tegma Gestão Logística S.A.,"Logística, transporte e armazenagem no Brasil, com divisões de logística automotiva e logística integrada."
TIMS3,TIM S.A. (ex-TIM Participações),Operadora de telecomunicações móveis e banda larga no Brasil (TIM).
TOKY3,Grupo Toky S.A.,Companhia aberta listada na B3 (Grupo Toky); a base consultada não traz descrição detalhada da atividade.
TOTS3,TOTVS S.A.,"Desenvolve e vende software de gestão, plataformas de produtividade e colaboração, consultoria e serviços relacionados."
TPIS3,TPI - Triunfo Participações e Investimentos S.A.,"Holding de infraestrutura no Brasil, com atuação em concessões de rodovias, energia e portos."
TRAD3,TC Traders Club S.A.,Educação e serviços para operadores do mercado financeiro (TC Traders Club).
TRIS3,Trisul S.A.,Construção e desenvolvimento de imóveis residenciais; também parcelamento e compra e venda de terrenos.
TTEN3,Três Tentos Agroindustrial S.A.,"Agroindustrial gaúcha: originação e processamento de soja, insumos agrícolas, biodiesel e alimentos (Três Tentos)."
TUPY3,Tupy S.A.,"Fabrica e vende peças fundidas de ferro (blocos e cabeçotes de motor) no Brasil, nas Américas, Europa e Ásia."
TXRX3,Têxtil Renauxview S.A.,"Projeta, produz e vende tecidos e fios no Brasil e no exterior."
TXRX4,Têxtil Renauxview S.A.,"Projeta, produz e vende tecidos e fios no Brasil e no exterior."
UCAS3,Unicasa Indústria de Móveis S.A.,"Fabrica, vende, importa e exporta móveis planejados (Unicasa)."
UGPA3,Ultrapar Participações S.A.,"Holding com atuação em distribuição de combustíveis (Ipiranga), gás, químicos, armazenagem e farmácias (Extrafarma)."
UNIP3,Unipar Carbocloro S.A.,"Produz e vende cloro, soda cáustica e PVC no Brasil."
UNIP5,Unipar Carbocloro S.A.,"Produz e vende cloro, soda cáustica e PVC no Brasil."
UNIP6,Unipar Carbocloro S.A.,"Produz e vende cloro, soda cáustica e PVC no Brasil."
USIM3,Usinas Siderúrgicas de Minas Gerais S.A. (Usiminas),Fabrica e vende produtos planos de aço no Brasil e no exterior.
USIM5,Usinas Siderúrgicas de Minas Gerais S.A. (Usiminas),Fabrica e vende produtos planos de aço no Brasil e no exterior.
VALE3,Vale S.A.,"Produz e vende minério de ferro e pelotas, além de níquel e cobre, no Brasil e no exterior."
VAMO3,"Vamos Locação de Caminhões, Máquinas e Equipamentos S.A.","Locação de caminhões, máquinas e equipamentos no Brasil."
VBBR3,Vibra Energia S.A.,"Distribuição de combustíveis e lubrificantes, com rede de postos (Vibra Energia, ex-BR Distribuidora)."
VITT3,Vittia Fertilizantes e Biológicos S.A.,"Fertilizantes especiais, bioestimulantes e produtos biológicos para a agricultura (Vittia)."
VIVA3,Vivara Participações S.A.,"Rede de joalherias (Vivara e Life) com anéis, brincos, colares e outros acessórios."
VIVR3,Viver Incorporadora e Construtora S.A.,Incorporadora imobiliária com foco nos mercados residencial e comercial no Brasil.
VIVT3,Telefônica Brasil S.A.,Serviços de telecomunicações móveis e fixos para clientes residenciais e corporativos (Vivo).
VLID3,Valid Soluções S.A.,"Soluções de impressão de segurança, pagamentos, identidade, marketing digital e certificação digital."
VSTE3,Veste S.A. Estilo,Empresa de moda e vestuário (Veste S.A. Estilo).
VTRU3,Vitru Brasil Empreendimentos Participações e Comércio S.A.,Educação superior com foco em ensino a distância (Unicesumar e UniAsselvi).
VULC3,Vulcabras S.A.,"Fabricante de calçados esportivos, femininos e de segurança (Olympikus, Mizuno, Azaleia)."
VVEO3,CM Hospitalar S.A. (Viveo),"Distribuição de medicamentos e produtos hospitalares, com serviços de saúde (Viveo)."
WDCN3,Livetech da Bahia Indústria e Comércio S.A.,"Soluções de TI, nuvem, segurança e serviços gerenciados (Livetech)."
WEGE3,WEG S.A.,"Produz e comercializa bens de capital: motores elétricos, geradores, transformadores e automação, no Brasil e no exterior."
WEST3,Westwing Comércio Varejista S.A.,Varejo online de itens de decoração e casa no Brasil (Westwing).
WHRL3,Whirlpool S.A.,"Fabrica e vende eletrodomésticos (lavadoras, refrigeradores, fogões) no Brasil e na América Latina (Brastemp, Consul)."
WHRL4,Whirlpool S.A.,"Fabrica e vende eletrodomésticos (lavadoras, refrigeradores, fogões) no Brasil e na América Latina (Brastemp, Consul)."
WIZC3,Wiz Co Participações e Corretagem de Seguros S.A.,Corretagem e distribuição de seguros e serviços financeiros (Wiz Co).
WLMM3,WLM Participações e Comércio de Máquinas e Veículos S.A.,"Comercializa caminhões pesados, chassis de ônibus e peças da marca Scania no Brasil."
WLMM4,WLM Participações e Comércio de Máquinas e Veículos S.A.,"Comercializa caminhões pesados, chassis de ônibus e peças da marca Scania no Brasil."
YDUQ3,Yduqs Participações S.A. (ex-Estácio Participações),Organização de ensino superior (Estácio e IBMEC) no Brasil.
